,species,island,min,max,mean,median,std
0,Adelie,Biscoe,2850.0,4775.0,3709.659090909091,3750.0,487.7337218235022
1,Adelie,Dream,2900.0,4650.0,3688.3928571428573,3575.0,455.1464371175272
2,Adelie,Torgersen,2900.0,4700.0,3706.372549019608,3700.0,445.10794020256765
3,Chinstrap,Dream,2700.0,4800.0,3733.0882352941176,3700.0,384.3350813871914
4,Gentoo,Biscoe,3950.0,6300.0,5076.016260162602,5000.0,504.1162366570917
